Tech Innovators Inc,Technology,123 Tech Ave,San Francisco,CA,94107,USA,415-555-0100,info@techinnovators.com,www.techinnovators.com
HealthPlus Corp,Healthcare,456 Wellness Blvd,Los Angeles,CA,90017,USA,323-555-0200,contact@healthplus.com,www.healthplus.com
Green Energy Solutions,Energy,789 Green Way,Austin,TX,73301,USA,512-555-0300,support@greenenergy.com,www.greenenergy.com
EduLearn Inc,Education,101 Learning St,Boston,MA,02108,USA,617-555-0400,hello@edulearn.com,www.edulearn.com
FinSecure LLC,Finance,202 Money Rd,New York,NY,10005,USA,212-555-0500,services@finsecure.com,www.finsecure.com
AutoDrive Motors,Automotive,303 Car Ln,Detroit,MI,48226,USA,313-555-0600,sales@autodrive.com,www.autodrive.com
Fashion Forward,Retail,404 Style Blvd,New York,NY,10001,USA,212-555-0700,info@fashionforward.com,www.fashionforward.com
Foodies Delight,Food & Beverage,505 Gourmet Ave,Chicago,IL,60616,USA,312-555-0800,order@foodiesdelight.com,www.foodiesdelight.com
BuildRight Construction,Construction,606 Builder St,Seattle,WA,98101,USA,206-555-0900,contact@buildright.com,www.buildright.com
TravelQuest,Travel,707 Adventure Rd,Orlando,FL,32801,USA,407-555-1000,support@travelquest.com,www.travelquest.com
