1,Follow-up Meeting,Schedule a follow-up meeting with Alice.,2025-02-20 08:00:00,2025-02-21 09:00:00,ACTIVE
1,Urgent Request,Alice requested additional documentation.,2025-02-21 10:15:00,2025-02-21 11:00:00,ACTIVE
2,Project Update,Bob needs an update on project status.,2025-02-19 12:30:00,2025-02-19 13:45:00,ACTIVE
3,Client Inquiry,Charlie asked about new service offerings.,2025-02-18 09:45:00,2025-02-18 10:20:00,ACTIVE
4,Invoice Issue,Diana reported an issue with an invoice.,2025-02-17 11:10:00,2025-02-17 12:00:00,ACTIVE
5,Training Session,Edward signed up for the training program.,2025-02-16 14:00:00,2025-02-16 14:30:00,ACTIVE
6,Follow-up Email,Fiona needs a follow-up email.,2025-02-15 08:15:00,2025-02-15 08:45:00,ACTIVE
7,Meeting Notes,George attended a company meeting.,2025-02-14 10:30:00,2025-02-14 11:00:00,ACTIVE
8,Documentation Request,Helen requested access to documents.,2025-02-13 09:20:00,2025-02-13 10:00:00,ACTIVE
9,Feedback Received,Ian provided feedback on the new policy.,2025-02-12 16:45:00,2025-02-12 17:30:00,ACTIVE
10,Contract Review,Jane is reviewing the new contract terms.,2025-02-11 15:30:00,2025-02-11 16:00:00,ACTIVE
10,Updated Contact Info,Jane updated her phone number.,2025-02-10 14:20:00,2025-02-10 15:00:00,ACTIVE
