1,Alice,Doe,1980-02-01,F,111 Main St,New York,NY,10001,USA,1
2,Bob,Smith,1975-07-10,M,222 Oak St,Los Angeles,CA,90001,USA,2
3,Charlie,Brown,1990-03-15,M,333 Pine St,Chicago,IL,60601,USA,3
4,Diana,Prince,1988-04-20,F,444 Cedar St,Boston,MA,02108,USA,4
5,Edward,Norton,1982-12-05,M,555 Maple Ave,Detroit,MI,48226,USA,5
6,Fiona,Apple,1995-09-09,F,666 Birch Rd,Austin,TX,73301,USA,6
7,George,Clooney,1961-05-06,M,777 Walnut St,San Francisco,CA,94107,USA,7
8,Helen,Mirren,1945-07-26,F,888 Spruce St,Seattle,WA,98101,USA,8
9,Ian,McKellen,1939-05-25,M,999 Elm St,Chicago,IL,60616,USA,9
10,Jane,Doe,1985-11-30,Other,1010 Ash Ave,Orlando,FL,32801,USA,10
