Business Partners,Contacts related to business partnerships.,2025-02-01 08:00:00,ACTIVE
Clients,Clients of the company.,2025-02-02 09:00:00,ACTIVE
VIP Clients,High-value clients with special privileges.,2025-02-03 10:00:00,ACTIVE
Suppliers,Suppliers and vendors for the company.,2025-02-04 11:00:00,ACTIVE
Employees,Internal employees and staff.,2025-02-05 12:00:00,ACTIVE
Investors,People who have invested in the company.,2025-02-06 13:00:00,ACTIVE
Consultants,External consultants and advisors.,2025-02-07 14:00:00,ACTIVE
Marketing Team,Marketing team members.,2025-02-08 15:00:00,ACTIVE
Developers,Software development team.,2025-02-09 16:00:00,ACTIVE
Board Members,Board of directors and executives.,2025-02-10 17:00:00,ACTIVE
