1,Project Kickoff,Initial meeting to discuss project details.,Conference Room A,2025-03-01 10:00:00,2025-02-20 08:00:00
2,Marketing Strategy,Discussing marketing plans for Q2.,Online - Zoom,2025-03-02 14:00:00,2025-02-21 09:00:00
3,Investor Update,Quarterly investor update meeting.,Boardroom,2025-03-03 16:00:00,2025-02-22 10:00:00
4,Tech Team Sync,Weekly development team stand-up.,Engineering Lab,2025-03-04 09:30:00,2025-02-23 11:00:00
5,Customer Feedback,Meeting with customers to collect feedback.,Client Office,2025-03-05 13:00:00,2025-02-24 12:00:00
6,Partnership Discussion,Discussing potential business partnerships.,Main Office,2025-03-06 11:00:00,2025-02-25 13:00:00
7,Annual General Meeting,Company-wide annual update.,Main Auditorium,2025-03-07 10:00:00,2025-02-26 14:00:00
8,Training Session,Employee training on new software.,Training Room 2,2025-03-08 15:00:00,2025-02-27 15:00:00
9,Supplier Negotiation,Negotiation with key suppliers.,Supplier HQ,2025-03-09 12:30:00,2025-02-28 16:00:00
10,Board Meeting,Strategic planning meeting for executives.,Boardroom,2025-03-10 17:00:00,2025-03-29 17:00:00
