images/contact1_pic1.jpg,2025-02-21 10:00:00,Profile picture,1
images/contact2_pic1.jpg,2025-02-20 09:30:00,Office event,2
images/contact3_pic1.jpg,2025-02-19 12:00:00,Profile picture,3
images/contact4_pic1.jpg,2025-02-18 14:00:00,Profile picture,4
images/contact5_pic1.jpg,2025-02-17 10:30:00,Profile picture,5
images/contact6_pic1.jpg,2025-02-16 16:00:00,Profile picture,6
images/contact7_pic1.jpg,2025-02-15 09:15:00,Profile picture,7
images/contact8_pic1.jpg,2025-02-14 11:30:00,Profile picture,8
images/contact9_pic1.jpg,2025-02-13 08:45:00,Profile picture,9
images/contact10_pic1.jpg,2025-02-12 13:30:00,Profile picture,10
