VIP,High-value contact.,2025-02-01 08:00:00,Gold
Lead,Potential customer or client.,2025-02-02 09:00:00,Blue
Supplier,Supplier contact.,2025-02-03 10:00:00,Green
Investor,Investors in the company.,2025-02-04 11:00:00,Silver
Employee,Internal employee.,2025-02-05 12:00:00,Red
Consultant,External consultant or advisor.,2025-02-06 13:00:00,Orange
Marketing,Marketing-related contact.,2025-02-07 14:00:00,Purple
Developer,Software developer contact.,2025-02-08 15:00:00,Teal
Board Member,Part of the board of directors.,2025-02-09 16:00:00,Brown
Customer,Current paying customer.,2025-02-10 17:00:00,Yellow
